{"cameraMode":{"drawMode":0,"name":"Shaded","section":"Shading Mode"},"sceneLighting":true,"audioPlay":false,"sceneViewState":{"m_AlwaysRefresh":false,"showFog":true,"showSkybox":true,"showFlares":true,"showImageEffects":true,"showParticleSystems":true,"showVisualEffectGraphs":true,"m_FxEnabled":true},"in2DMode":false,"pivot":{"x":51.31956100463867,"y":1.2855581045150757,"z":-14.830601692199707},"rotation":{"x":0.01913345418870449,"y":0.7801700234413147,"z":-0.023506056517362596,"w":0.6251187324523926},"size":31.416282653808595,"orthographic":false}