{"cameraMode":{"drawMode":0,"name":"Shaded","section":"Shading Mode"},"sceneLighting":true,"audioPlay":false,"sceneViewState":{"m_AlwaysRefresh":false,"showFog":true,"showSkybox":true,"showFlares":true,"showImageEffects":true,"showParticleSystems":true,"showVisualEffectGraphs":true,"m_FxEnabled":true},"in2DMode":false,"pivot":{"x":41.580509185791019,"y":5.625637054443359,"z":-30.46154022216797},"rotation":{"x":-0.0051705436781048779,"y":0.8828335404396057,"z":0.008789857849478722,"w":0.46995997428894045},"size":30.9915714263916,"orthographic":false}