{"cameraMode":{"drawMode":0,"name":"Shaded","section":"Shading Mode"},"sceneLighting":true,"audioPlay":false,"sceneViewState":{"m_AlwaysRefresh":false,"showFog":true,"showSkybox":true,"showFlares":true,"showImageEffects":true,"showParticleSystems":true,"showVisualEffectGraphs":true,"m_FxEnabled":true},"in2DMode":false,"pivot":{"x":-2.1286752223968508,"y":15.108506202697754,"z":14.249722480773926},"rotation":{"x":-0.04941558837890625,"y":-0.9099709391593933,"z":0.39544805884361269,"w":-0.11660454422235489},"size":1.145643949508667,"orthographic":false}